file;keys;type;start;activate_start;active_stop;default_start;default_stop;nested_start;nested_stop;hard_start;hard_stop;data_start;data_stop;stop
archive-0/output.log;7 A F25A814C1BF6|11 A DE272B9E3BFC|15 A 3A36D41798DD|19 A 21517D12DBE5|23 A D1DCDD78E18F|;;1453559184;1453559184;1453559184;1453559184;1453559188;1453559188;1453559596;1453559596;1453559596;;;
archive-10/output.log;7 A 3E4B8FD0ED93|11 A 0171CA479095|15 A EECD15DFC437|19 A 0CEF5F2F07DC|23 A 90D8DE0B4886|;;1453561689;1453561689;1453561689;1453561689;1453561693;1453561693;1453561802;1453561802;1453561802;;;
archive-11/output.log;7 A 85D37FA89C49|11 A 3F37716190BC|15 A 5A7A0FFA55F6|19 A 4C7103EE24BC|23 A FE6CBB357FC4|;;1453561809;1453561809;1453561809;1453561809;1453561813;1453561813;1453561839;;;1453561839;1453561844;
archive-12/output.log;7 A 6A3D37491F67|11 A 8CE5425A8564|15 A B7B33710DCA9|19 A 8E8E35C45F90|23 A 1F0B1E0B7099|;;1453561851;1453561851;1453561851;1453561851;1453561855;1453561855;1453561874;;;1453561874;1453561878;
archive-13/output.log;7 A 444E54D4F34A|11 A BBDC76AED8F1|15 A A5F4B21BACAC|19 A 67DCF4E2CF65|23 A 95965B5D224E|;;1453561886;1453561886;1453561886;1453561886;1453561889;1453561889;1453561921;;;1453561921;1453561925;
archive-14/output.log;7 A 4CA70314D373|11 A 74406872F026|15 A 3D2C069C62A1|19 A 565900871209|23 A A274F9C269A8|;;1453561932;1453561932;1453561932;1453561932;1453561936;1453561936;1453561946;;;1453561946;1453561950;
archive-15/output.log;7 A 21DD6C70E546|11 A 0BC4B75D0276|15 A 046D20A92A81|19 A 41645B6032F1|23 A 31BC48105522|;;1453561957;1453561957;1453561957;1453561957;1453561961;1453561961;1453562262;1453562262;1453562262;;;
archive-16/output.log;7 A CED27C7F288E|11 A D1C784142928|15 A EC3C7629087F|19 A 13D649ECB03C|23 A 94AE0FE1761E|;;1453562270;1453562270;1453562270;1453562270;1453562273;1453562273;1453562325;;;1453562325;1453562329;
archive-17/output.log;7 A 3402E67359A9|11 A 2B2991E05FDF|15 A BDB860861664|19 A FE8A5506BAAC|23 A A85D1D520AD4|;;1453562336;1453562336;1453562336;1453562336;1453562340;1453562340;1453562379;;;1453562379;1453562384;
archive-18/output.log;7 A 3A60B12314B0|11 A E2FD10EE41B1|15 A F7BF21E747D3|19 A BCE45B4170F7|23 A F6FABA69CDF0|;;1453562391;1453562391;1453562391;1453562391;1453562395;1453562395;1453562733;1453562733;1453562733;;;
archive-19/output.log;7 A 62BD3C99943C|11 A 58EAEC860BFE|15 A 92D51F8F07A1|19 A 864CF22D5382|23 A D21E8B612C0F|;;1453562740;1453562740;1453562740;1453562740;1453562744;1453562744;1453562829;;;1453562829;1453562833;
archive-1/output.log;7 A 66F9684C2C63|11 A 1F15F0C86179|15 A 3A87C995E37D|19 A DB97E9C96CCE|23 A 4FE61CB2FB60|;;1453559603;1453559603;1453559603;1453559603;1453559607;1453559607;1453559640;;;1453559640;1453559645;
archive-20/output.log;7 A 58924884A29E|11 A 947F85BBDB7C|15 A 1F2285817B82|19 A 3224F1D8C08C|23 A 20D2E0908B05|;;1453562841;1453562841;1453562841;1453562841;1453562844;1453562844;1453563217;1453563217;1453563217;;;
archive-21/output.log;7 A D829EC85ABD0|11 A 7D2468778162|15 A 29738C675A9E|19 A 2650613F7B10|23 A 1C6DB140192A|;;1453563225;1453563225;1453563225;1453563225;1453563228;1453563228;1453563238;;;1453563238;1453563243;
archive-22/output.log;7 A 8D9268D647A8|11 A 242FAC94CD17|15 A 811E4F7A75BD|19 A D6CED9DB03F2|23 A 97B4AE86DF77|;;1453563250;1453563250;1453563250;1453563250;1453563254;1453563254;1453563342;;;1453563342;1453563346;
archive-23/output.log;7 A 1B86944F79BA|11 A 8C74057BA526|15 A 5F08CE1550A8|19 A BF107F4E5754|23 A 3AF18700AA7F|;;1453563354;1453563354;1453563354;1453563354;1453563357;1453563357;1453563400;;;1453563400;1453563404;
archive-24/output.log;7 A 2A27CD22B5CF|11 A 50A52F100663|15 A 6D6D259CDD03|19 A 0F43811028E7|23 A 7BBB1E9C69DE|;;1453563411;1453563411;1453563411;1453563411;1453563415;1453563415;1453563709;1453563709;1453563709;;;
archive-25/output.log;7 A 927697B6AE31|11 A E5EDD71AEA7F|15 A 4380C32C1344|19 A 19DEC72A0A3B|23 A EDC561E3113F|;;1453563716;1453563716;1453563716;1453563716;1453563720;1453563720;1453563766;;;1453563766;1453563771;
archive-26/output.log;7 A F1D593CA7521|11 A 817EE53AEF49|15 A BB119DCC5306|19 A 889A5F88FA51|23 A 41A705D90EB1|;;1453563778;1453563778;1453563778;1453563778;1453563782;1453563782;1453563790;;;1453563790;1453563794;
archive-27/output.log;7 A C31D703AC30E|11 A 05B23C726C50|15 A 87E8EAEE0269|19 A 1A3020D7581B|23 A AE2B90ACD11D|;;1453563801;1453563801;1453563801;1453563801;1453563805;1453563805;1453563820;;;1453563820;1453563824;
archive-28/output.log;7 A BFB5DCF3E992|11 A 0AC50BBA26B1|15 A 73FA8AC5FD25|19 A E78D89594A13|23 A 50391943CD5A|;;1453563832;1453563832;1453563832;1453563832;1453563835;1453563835;1453563937;;;1453563937;1453563942;
archive-29/output.log;7 A C110A0FB2DFC|11 A 0327B4B9C36A|15 A 036AF0446D71|19 A 10D816958B47|23 A 1F3AF22ACE98|;;1453563949;1453563949;1453563949;1453563949;1453563953;1453563953;1453564023;;;1453564023;1453564028;
archive-2/output.log;7 A 779D45D84A7E|11 A 3125AEDAC6C4|15 A F1B5E57756E5|19 A 3332607DC7BC|23 A 60B6EB7781E3|;;1453559652;1453559652;1453559652;1453559652;1453559656;1453559656;1453559679;;;1453559679;1453559683;
archive-30/output.log;7 A C63449F6038D|11 A BA8C2C0DF337|15 A C2F42E2B9663|19 A 80E3CC178BAD|23 A 13FA7C0A7AA2|;;1453564035;1453564035;1453564035;1453564035;1453564039;1453564039;1453564204;1453564204;1453564204;;;
archive-31/output.log;7 A 252BAB40C885|11 A 7B8175F3CBCA|15 A D66FD63506B7|19 A 75E12B97D1ED|23 A CFD5F546152F|;;1453564211;1453564211;1453564211;1453564211;1453564215;1453564215;1453564580;1453564580;1453564580;;;
archive-32/output.log;7 A 2FEE455624B3|11 A 0436FEBE1821|15 A 2D6F524AC6FD|19 A D70626A1C291|23 A 6AAA527E4D24|;;1453564587;1453564587;1453564587;1453564587;1453564591;1453564591;1453564648;;;1453564648;1453564652;
archive-33/output.log;7 A F8D791BA6B42|11 A 4D8C0C1790BA|15 A 90D0CECEC6D7|19 A A058C8F29942|23 A C28C217D6AB0|;;1453564660;1453564660;1453564660;1453564660;1453564663;1453564663;1453564685;;;1453564685;1453564690;
archive-34/output.log;7 A D7D72AB81651|11 A DD62BDF1E423|15 A C43AB3C31F34|19 A 18E20F525723|23 A D68999B57EAC|;;1453564697;1453564697;1453564697;1453564697;1453564701;1453564701;1453564719;;;1453564719;1453564723;
archive-35/output.log;7 A 9200A985D423|11 A AEC18BDF00F2|15 A F159B65D05F9|19 A EA146B0822AC|23 A 6A9D1FD76A87|;;1453564730;1453564730;1453564730;1453564730;1453564734;1453564734;1453565027;1453565027;1453565027;;;
archive-36/output.log;7 A 56C73452F27C|11 A AC89317626F4|15 A 6C575141BFF8|19 A ACE240E90C98|23 A 48FA170FF999|;;1453565034;1453565034;1453565034;1453565034;1453565038;1453565038;1453565054;;;1453565054;1453565058;
archive-37/output.log;7 A 713A74BBDAB2|11 A 00DBE16C86B6|15 A CE4C5FDEE658|19 A A2C1FDA0CE0E|23 A 6027C4A2BFEC|;;1453565065;1453565065;1453565065;1453565065;1453565069;1453565069;1453565114;;;1453565114;1453565118;
archive-38/output.log;7 A 3DCB1AEBB5E7|11 A F9DF91964A46|15 A ECF4409D0F8A|19 A 4F1085AD19AC|23 A F17C378CDFD6|;;1453565125;1453565125;1453565125;1453565125;1453565129;1453565129;1453565171;;;1453565171;1453565176;
archive-39/output.log;7 A A09847A4C4F4|11 A C122C760E8EB|15 A 84085F511B1C|19 A 2D734512C6E5|23 A E46CD05423DD|;;1453565183;1453565183;1453565183;1453565183;1453565187;1453565187;1453565234;;;1453565234;1453565238;
archive-3/output.log;7 A E5210D894C4E|11 A 3111C8AD0C83|15 A AF764C11714A|19 A 173AA6332C80|23 A A803CBF51F28|;;1453559691;1453559691;1453559691;1453559691;1453559694;1453559694;1453560002;1453560002;1453560002;;;
archive-40/output.log;7 A 29368B66C14D|11 A F563985E0EF7|15 A F3834571A5A8|19 A A5D5D5A6180B|23 A B87CCCD17A20|;;1453565246;1453565246;1453565246;1453565246;1453565249;1453565249;1453565295;;;1453565295;1453565300;
archive-41/output.log;7 A 6EA0CEFA404B|11 A 6C30C89D598C|15 A D5D71048FAA8|19 A 951BD4A6B420|23 A 85A23067BC93|;;1453565307;1453565307;1453565307;1453565307;1453565311;1453565311;1453565365;;;1453565365;1453565370;
archive-42/output.log;7 A 3D8F7F5EBD45|11 A 0F8EB9058120|15 A 94D3E32E3C19|19 A 3383D0C58811|23 A DD9F5F237CA8|;;1453565377;1453565377;1453565377;1453565377;1453565381;1453565381;1453565427;;;1453565427;1453565432;
archive-43/output.log;7 A D6F7D89B2B06|11 A 56E33FD902EA|15 A B3AA35C3E488|19 A FAAD06B59E99|23 A B35466B3F09F|;;1453565439;1453565439;1453565439;1453565439;1453565443;1453565443;1453565489;;;1453565489;1453565494;
archive-44/output.log;7 A 986886ACD1C7|11 A 9DCD641E1D84|15 A ADA708261053|19 A F74A77B5CBFB|23 A 4B6FDBC2BC43|;;1453565501;1453565501;1453565501;1453565501;1453565505;1453565505;1453565863;1453565863;1453565863;;;
archive-45/output.log;7 A B1FA199143A2|11 A 7B2861EBAF4D|15 A 28CA4D1E9C6D|19 A 198F711BE17E|23 A 8E6F54C709F7|;;1453565870;1453565870;1453565870;1453565870;1453565874;1453565874;1453565965;1453565965;1453565965;;;
archive-46/output.log;7 A 1A3C25B63DCE|11 A B019FD0A950F|15 A 4A294DE1ADFA|19 A 9FC89FB4246D|23 A 866BDBA9C0C9|;;1453565973;1453565973;1453565973;1453565973;1453565976;1453565976;1453566044;;;1453566044;1453566048;
archive-47/output.log;7 A E7723141AD04|11 A 3B279D40D034|15 A 893C9E5F6676|19 A 7A242A2A2F54|23 A AC6222BB2CFA|;;1453566055;1453566055;1453566056;1453566056;1453566059;1453566059;1453566204;;;1453566204;1453566209;
archive-48/output.log;7 A A884F4746C23|11 A 865798DDB252|15 A 2D9A569608FE|19 A 6F2AC677E928|23 A BA5C47590A51|;;1453566216;1453566216;1453566216;1453566216;1453566220;1453566220;1453566269;;;1453566269;1453566274;
archive-49/output.log;7 A C0B10A33036D|11 A 66B60A9E2E48|15 A 82FC2CFDD4AC|19 A 2AA92C00D36C|23 A 1C296619D57B|;;1453566281;1453566281;1453566281;1453566281;1453566285;1453566285;1453566296;;;1453566296;1453566300;
archive-4/output.log;7 A 6C41A310F8C1|11 A 4EE27D24B596|15 A 540CCAFC25D1|19 A E771161F0B36|23 A A6E3A94E1D3F|;;1453560009;1453560009;1453560009;1453560009;1453560013;1453560013;1453560429;1453560429;1453560429;;;
archive-50/output.log;7 A B197F4C1618F|11 A 0E2CE7FBB857|15 A B9E6FB1A5B9B|19 A 29FAE90BF332|23 A 2021804FD9E8|;;1453566307;1453566307;1453566307;1453566307;1453566311;1453566311;1453566591;1453566591;1453566591;;;
archive-51/output.log;7 A FEE29E574B15|11 A EE3ED283EDB9|15 A CF2DF4D04135|19 A 09E496B89880|23 A 351D2EA04E2D|;;1453566598;1453566598;1453566598;1453566598;1453566602;1453566602;1453566640;;;1453566640;1453566645;
archive-52/output.log;7 A C19E23E56264|11 A 724F66B8823D|15 A D1FA817C3DDC|19 A B9F2D289F35E|23 A FD7A1235D1BB|;;1453566652;1453566652;1453566652;1453566652;1453566656;1453566656;1453566696;;;1453566696;1453566700;
archive-53/output.log;7 A F292180405AA|11 A C460F7008867|15 A 2E4410AAA977|19 A 6298613AF569|23 A C8005E11A4CB|;;1453566707;1453566707;1453566707;1453566707;1453566711;1453566711;1453567063;1453567063;1453567063;;;
archive-54/output.log;7 A B41E2334ED90|11 A 58B5791286E8|15 A B1B27A47A22E|19 A 6B8AC9DCF660|23 A A405DF053B65|;;1453567070;1453567070;1453567070;1453567070;1453567074;1453567074;1453567357;1453567357;1453567357;;;
archive-55/output.log;7 A 4F5BD7D5A7A7|11 A 7F9D6241664E|15 A 41D83D660928|19 A 218FB176E5A5|23 A 0F12E80B2C13|;;1453567364;1453567364;1453567364;1453567364;1453567368;1453567368;1453567426;;;1453567426;1453567431;
archive-56/output.log;7 A 1183E42E8553|11 A 386DFD9CAAA7|15 A 9FC4F7C1F605|19 A 419824C6107E|23 A A1F474A8F94F|;;1453567438;1453567438;1453567438;1453567438;1453567442;1453567442;1453567732;1453567732;1453567732;;;
archive-57/output.log;7 A 3D76F3B1B832|11 A 607369B4D021|15 A 27D400862BE0|19 A BA74C277C775|23 A 946B95E07D58|;;1453567739;1453567739;1453567739;1453567739;1453567743;1453567743;1453567810;;;1453567810;1453567814;
archive-58/output.log;7 A 431BA11D9BB6|11 A 9CBC207BBF8F|15 A 98DD7C6EEA52|19 A 33727EAA3D6E|23 A 4FBD494B4E69|;;1453567822;1453567822;1453567822;1453567822;1453567825;1453567825;1453568205;1453568205;1453568205;;;
archive-59/output.log;7 A E58BDCCA81A0|11 A 1255B4FCF793|15 A AD03656D0CF4|19 A F8849CB19DB8|23 A 688F80BEEBA6|;;1453568212;1453568212;1453568212;1453568212;1453568216;1453568216;1453568251;;;1453568251;1453568256;
archive-5/output.log;7 A 1D3E50FA510D|11 A C75A88A934B0|15 A 06AC4E812E30|19 A 0B5368A6B697|23 A B63D9783F2FA|;;1453560436;1453560436;1453560436;1453560436;1453560440;1453560440;1453560539;;;1453560539;1453560543;
archive-60/output.log;7 A 5ECAC6CAED1F|11 A 0AE05C5BE3D7|15 A 1EFE3F724DDF|19 A 0B9F96214AA8|23 A 033F1878D6D8|;;1453568263;1453568263;1453568263;1453568263;1453568267;1453568267;1453568312;;;1453568312;1453568316;
archive-61/output.log;7 A F0053980D8BE|11 A C172E86F1649|15 A 5F3248FEFABF|19 A AC3B86BFD349|23 A 0A04F5B0E801|;;1453568324;1453568324;1453568324;1453568324;1453568328;1453568328;1453568372;;;1453568372;1453568376;
archive-62/output.log;7 A 527A43573631|11 A 9BE5EEEE5535|15 A 1A04B4840640|19 A 219968C04C64|23 A D51E6F05941A|;;1453568384;1453568384;1453568384;1453568384;1453568387;1453568387;1453568440;;;1453568440;1453568444;
archive-6/output.log;7 A 7C86FD0B1D09|11 A 5C3A6450DA04|15 A A9529E64AD77|19 A AB84FC2EB65D|23 A 2FAD1ED69DAB|;;1453560550;1453560550;1453560550;1453560550;1453560554;1453560554;1453560958;1453560958;1453560958;;;
archive-7/output.log;7 A 3915098B3BB6|11 A 358749AB4F9A|15 A 83644E746847|19 A 98287F35A452|23 A 4A523ECE423F|;;1453560966;1453560966;1453560966;1453560966;1453560969;1453560969;1453560982;;;1453560982;1453560986;
archive-8/output.log;7 A C6ADFD20DF1A|11 A 96EAB5A47062|15 A 6B3E9A0303EA|19 A C34CD6A65BC1|23 A C19D4502B720|;;1453560993;1453560993;1453560993;1453560993;1453560997;1453560997;1453561304;1453561304;1453561304;;;
archive-9/output.log;7 A D746D05B65D8|11 A 372F91CAF649|15 A BA9DF1963D9F|19 A 24D09785EC40|23 A DFC5EC2FB772|;;1453561311;1453561311;1453561311;1453561311;1453561315;1453561315;1453561682;1453561682;1453561682;;;
